id,speed
0,48.382854
1,49.787483
2,36.660904
3,25.48951
4,34.884117
5,26.363522
6,19.691645
7,48.175663
8,47.347614
9,31.09108
10,29.080828
11,22.031826
12,21.967604
13,20.828089
14,24.55894
15,38.929493
16,42.278694
17,45.90757
18,48.801
19,48.38927
20,46.78939
21,44.18583
22,21.061115
23,27.493454
24,25.9937
25,20.61895
26,20.554728
27,19.415213
28,15.566309
29,13.095779
30,24.035849
31,46.887585
32,49.30764
33,29.0207
34,26.543617
35,25.043863
36,21.555418
37,21.820784
38,45.54732
39,39.6251
40,45.091198
41,47.382374
42,47.69368
43,43.33614
44,19.064478
45,17.58704
46,17.140907
47,11.244409
48,43.278217
49,47.67174
50,48.275063
51,24.40939
52,25.0717
53,20.746895
54,21.01226
55,20.080597
56,17.271675
57,15.959938
58,26.839392
59,33.54001
60,40.19209
61,41.367813
62,39.938286
63,40.297356
64,44.600334
65,46.926933
66,46.112625
67,44.66883
68,42.232635
69,26.36446
70,23.909964
71,22.369724
72,17.983467
73,18.248833
74,16.416363
75,9.468455
76,43.22146
77,40.16603
78,43.826824
79,48.43394
80,15.104217
81,17.621359
82,24.24901
83,17.023327
84,15.838035
85,11.923414
86,21.080603
87,36.11951
88,43.878414
89,40.77273
90,48.68026
91,47.59506
92,46.74443
93,45.892757
94,27.31154
95,15.183847
96,23.819082
97,11.854656
98,10.006269
99,21.302845
100,39.202877
101,47.430054
102,15.375508
103,16.927973
104,15.788439
105,43.41139
106,35.866787
107,47.79972
108,43.39654
109,17.977425
110,11.36865
111,9.665017
112,20.96158
113,34.32022
114,35.965515
115,49.19989
116,49.234028
117,39.35257
118,21.487886
119,20.835379
120,19.537786
121,16.8995
122,32.39396
123,46.072075
124,45.827538
125,39.439705
126,38.824493
127,35.25778
128,40.383034
129,35.918873
130,48.401962
131,46.995533
132,46.14386
133,26.027178
134,22.091225
135,20.647835
136,39.641724
137,46.952477
138,48.4867
139,46.789658
140,45.937984
141,43.334423
142,27.356743
143,15.298478
144,19.694494
145,17.884901
146,16.699633
147,48.029278
148,48.69922
149,47.30271
150,46.76339
151,18.350231
152,18.640463
153,16.774845
154,9.93805
155,21.13659
156,36.18997
157,43.50072
158,38.841705
159,42.916897
160,48.150196
161,48.820137
162,47.734936
163,46.884308
164,43.370285
165,27.392618
166,15.389379
167,18.699974
168,16.89038
169,16.834356
170,11.845952
171,10.106809
172,42.80962
173,47.867733
174,43.27257
175,27.27881
176,22.438366
177,16.895756
178,17.185987
179,9.536821
180,41.26898
181,48.494007
182,48.772682
183,48.528145
184,38.454704
185,17.71274
186,16.21989
187,35.101498
188,31.272835
189,47.06324
190,43.58912
191,42.026157
192,37.64571
193,37.28882
194,35.960518
195,35.40044
196,33.907578
197,39.032833
198,34.019047
199,48.6422
200,47.885265
201,28.268007
202,24.02778
203,18.159733
204,16.617506
205,16.486744
206,34.822395
207,37.34715
208,48.874325
209,49.10384
210,48.18251
211,46.837547
212,28.174545
213,16.010466
214,23.245924
215,21.606455
216,14.516781
217,19.66131
218,41.294487
219,47.83289
220,46.32936
221,43.746212
222,28.132133
223,17.905272
224,10.169712
225,21.368258
226,42.354496
227,48.776115
228,18.462904
229,23.584648
230,17.851662
231,16.468077
232,40.80609
233,48.950615
234,47.951954
235,21.761969
236,25.047457
237,21.200611
238,24.784067
239,43.383587
240,36.176155
241,38.084774
242,48.930996
243,50.013996
244,49.552437
245,49.871292
246,29.143398
247,26.306622
248,25.363882
249,24.63811
250,23.026314
251,32.817074
252,44.28081
253,34.99641
254,36.59024
255,46.295475
256,46.495075
257,45.092087
258,45.51117
259,41.88588
260,41.528988
261,40.132072
262,38.27212
263,43.4008
264,32.32367
265,41.260586
266,47.88298
267,44.833687
268,20.42507
269,21.724657
270,20.144997
271,19.945614
272,19.031631
273,14.998082
274,44.014793
275,48.68021
276,49.13998
277,48.523182
278,31.670143
279,19.65933
280,22.176455
281,27.367882
282,23.444489
283,20.4841
284,16.450542
285,14.609723
286,47.684875
287,47.78042
288,17.558336
289,21.069658
290,18.455582
291,14.487754
292,12.760949
293,24.069914
294,45.090595
295,49.70576
296,48.05093
297,32.029736
298,23.100092
299,29.290077
300,25.053709
301,22.902039
302,26.381638
303,46.562325
304,45.519176
305,49.056053
306,48.10676
307,48.447857
308,45.04139
309,31.30758
310,22.67278
311,14.207377
312,44.60432
313,37.73031
314,39.53829
315,49.026093
316,47.656406
317,39.753582
318,34.92593
319,36.490147
320,45.40119
321,47.07769
322,46.871937
323,45.79861
324,45.330864
325,43.94275
326,44.768784
327,43.92669
328,43.227715
329,41.534878
330,39.923077
331,44.55754
332,44.990604
333,39.08516
334,35.325947
335,44.19128
336,47.356274
337,46.95092
338,19.754526
339,24.215408
340,24.382742
341,25.901367
342,46.97721
343,47.000713
344,48.886074
345,48.360542
346,47.743744
347,20.425333
348,41.18618
349,49.06376
350,48.444298
351,47.68264
352,29.867615
353,18.015491
354,25.641893
355,19.98785
356,18.96568
357,24.352362
358,38.57438
359,45.671013
360,45.64426
361,49.037045
362,17.650517
363,25.203976
364,19.300007
365,18.277836
366,14.310009
367,23.86742
368,44.377285
369,49.11824
370,48.147293
371,47.639805
372,47.188812
373,19.733372
374,19.900705
375,12.1854725
376,23.482029
377,36.201607
378,38.159824
379,48.47062
380,27.054941
381,20.209099
382,17.451864
383,32.098747
384,46.895752
385,46.937286
386,46.607624
387,44.112385
388,41.87973
389,40.62897
390,39.21349
391,37.046913
392,48.33962
393,48.443726
394,47.141014
395,18.049992
396,19.99546
397,27.060286
398,25.031479
399,19.275623
400,14.001951
401,37.36772
402,40.024403
403,48.638855
404,47.244442
405,44.981926
406,29.82116
407,19.62476
408,20.382353
409,18.354809
410,17.332638
411,11.383106
412,43.713467
413,39.22326
414,43.537098
415,48.614544
416,47.887978
417,47.477806
418,47.026814
419,29.75836
420,17.808352
421,11.825838
422,44.394085
423,39.903877
424,51.04268
425,51.28706
426,47.192432
427,28.486452
428,24.272827
429,40.945206
430,46.10522
431,49.318905
432,48.08485
433,45.37134
434,19.304098
435,24.74611
436,20.899265
437,18.612476
438,48.713158
439,49.3346
440,49.653454
441,29.980242
442,24.134212
443,23.165579
444,21.031136
445,30.711477
446,35.06962
447,36.81548
448,47.158253
449,46.084927
450,46.439404
451,44.78263
452,43.75367
453,42.474983
454,42.408318
455,41.458004
456,41.101665
457,44.448814
458,49.514202
459,49.26974
460,31.753023
461,23.727512
462,24.017744
463,22.185282
464,25.777008
465,39.97503
466,48.77338
467,49.138573
468,48.091812
469,45.829296
470,19.22128
471,21.892656
472,22.653536
473,19.856054
474,15.656195
475,24.715328
476,48.327713
477,45.614204
478,27.578316
479,21.884766
480,19.97827
481,18.97145
482,24.187464
483,48.72566
484,47.60995
485,47.15896
486,29.991707
487,26.766916
488,21.073366
489,14.708926
490,12.969783
491,37.75567
492,43.84831
493,49.1792
494,48.80412
495,47.966175
496,21.14841
497,25.731075
498,38.074635
499,48.303894
500,48.925335
501,49.24419
502,49.145966
503,48.73356
504,26.81978
505,27.939613
506,23.292475
507,23.582706
508,22.676033
509,42.626072
510,46.63467
511,46.953526
512,46.48058
513,45.407253
514,43.44666
515,41.829178
516,42.47787
517,41.083668
518,47.00901
519,46.39087
520,19.458014
521,24.673948
522,18.986887
523,19.084986
524,13.322363
525,45.65321
526,47.91331
527,48.12995
528,46.94586
529,28.786837
530,19.228455
531,20.48752
532,18.618166
533,15.499253
534,13.583277
535,46.229237
536,27.52503
537,17.618513
538,16.893864
539,18.034277
540,13.449891
541,11.601504
542,44.490734
543,43.493923
544,47.726406
545,44.68122
546,18.178938
547,22.232067
548,22.313942
549,21.365562
550,16.672976
551,38.97811
552,45.01585
553,47.831882
554,47.18743
555,44.04493
556,28.909733
557,20.414833
558,23.802134
559,23.412548
560,20.129206
561,20.21108
562,19.512882
563,18.795221
564,15.782158
565,13.521566
566,44.260075
567,37.828285
568,39.590298
569,48.56479
570,48.3684
571,30.69785
572,42.7624
573,47.194412
574,47.058
575,47.376854
576,46.775112
577,43.92554
578,41.68812
579,44.94874
580,45.442497
581,37.470642
582,47.987965
583,48.091682
584,18.686697
585,21.127678
586,26.995672
587,26.385632
588,23.025742
589,20.95363
590,22.003382
591,21.105028
592,47.743538
593,48.216446
594,48.414967
595,46.79015
596,44.527634
597,28.508339
598,24.253145
599,18.865404
600,12.868515
601,47.35371
602,46.866405
603,44.198536
604,16.303238
605,19.998383
606,38.20626
607,41.56474
608,48.03627
609,48.280262
610,47.309315
611,46.82201
612,44.1085
613,18.079903
614,23.873953
615,19.292862
616,17.423508
617,18.491732
618,13.744486
619,23.420914
620,43.70614
621,48.511463
622,47.892002
623,46.955894
624,44.242386
625,28.247969
626,18.113474
627,16.572672
628,17.562525
629,12.07349
630,23.489061
631,48.94289
632,48.334095
633,47.24272
634,39.708584
635,25.2986
636,21.723286
637,46.898525
638,47.21738
639,46.69133
640,41.81296
641,41.262794
642,40.84614
643,40.63157
644,38.18345
645,40.640926
646,37.274868
647,47.35299
648,47.474827
649,46.545975
650,43.999832
651,18.047853
652,18.88996
653,12.228992
654,23.272738
655,47.652225
656,47.868866
657,47.343334
658,46.649403
659,46.19841
660,43.935894
661,18.218876
662,24.198563
663,19.009571
664,19.214344
665,18.187096
666,17.288742
667,11.458152
668,44.110836
669,40.210842
670,44.388744
671,46.482193
672,43.768684
673,22.4519
674,18.36683
675,36.476643
676,48.535694
677,47.916233
678,46.62645
679,16.075039
680,23.570663
681,19.677845
682,18.650597
683,17.752243
684,44.376877
685,48.186295
686,47.47746
687,46.892838
688,44.17933
689,27.896057
690,18.438519
691,22.412914
692,17.458282
693,16.109745
694,48.816936
695,48.355377
696,39.082188
697,25.20063
698,25.569487
699,21.050903
700,20.240654
701,18.931004
702,40.734646
703,45.18288
704,46.709126
705,46.831593
706,46.50193
707,45.50116
708,40.86468
709,41.513374
710,40.956154
711,39.806023
712,39.99826
713,39.378517
714,36.492344
715,43.315575
716,35.9764
717,45.105724
718,46.36838
719,26.90054
720,16.401937
721,12.420802
722,10.572797
723,43.249977
724,43.668922
725,46.443226
726,45.992233
727,26.746717
728,17.53984
729,16.502314
730,11.689345
731,42.93722
732,46.99011
733,47.341595
734,43.575253
735,14.519777
736,16.9622
737,15.285108
738,15.218575
739,9.521301
740,35.06173
741,42.554356
742,47.920055
743,48.189014
744,47.569553
745,26.98353
746,16.819456
747,22.676065
748,21.377138
749,17.292068
750,15.614976
751,15.548442
752,41.761757
753,48.97137
754,48.35191
755,47.451473
756,47.00048
757,18.233232
758,17.21797
759,15.677181
760,15.658303
761,10.941591
762,22.148247
763,42.198174
764,35.89082
765,37.865143
766,49.072758
767,48.6112
768,39.049454
769,20.66755
770,19.985071
771,17.346775
772,28.180672
773,47.040703
774,47.201492
775,47.040775
776,46.711113
777,45.710342
778,40.01951
779,38.777576
780,47.11595
781,47.244637
782,46.351456
783,15.253702
784,17.474552
785,18.59745
786,16.897478
787,17.69462
788,11.033643
789,22.069902
790,47.650433
791,47.87392
792,46.983196
793,47.34839
794,23.500322
795,22.61106
796,18.52599
797,11.456563
798,22.550232
799,46.20553
800,27.300722
801,15.234889
802,18.222157
803,16.352795
804,16.291157
805,12.442268
806,36.141964
807,43.529472
808,47.926495
809,47.35213
810,46.900497
811,46.449505
812,27.54471
813,15.524224
814,23.24389
815,22.29755
816,18.404732
817,43.000896
818,35.88965
819,49.550407
820,48.19898
821,21.048176
822,25.055819
823,20.339165
824,18.798363
825,19.448519
826,52.810043
827,52.649326
828,32.441963
829,27.545895
830,27.873674
831,24.122137
832,46.889915
833,40.809055
834,47.530106
835,47.70216
836,46.54796
837,42.109245
838,40.8097
839,37.582787
840,49.81599
841,49.640537
842,49.623615
843,32.36254
844,26.227665
845,22.138742
846,29.763186
847,43.5745
848,48.216755
849,48.422123
850,47.918243
851,21.569584
852,26.556578
853,23.26604
854,21.05461
855,21.778667
856,16.965702
857,42.376816
858,46.475506
859,48.977783
860,48.174664
861,47.76931
862,20.46789
863,28.100061
864,24.37398
865,22.162548
866,27.17801
867,47.939144
868,44.04381
869,51.31281
870,49.506527
871,23.993855
872,24.274784
873,19.527557
874,49.319412
875,49.01137
876,48.628094
877,48.008633
878,46.702843
879,18.417292
880,13.728931
881,11.820476
882,23.080795
883,43.013996
884,36.72135
885,47.80145
886,49.005695
887,48.544136
888,48.702274
889,48.296917
890,39.671406
891,24.914167
892,21.183643
893,19.690786
894,35.47199
895,47.276512
896,43.64836
897,42.344128
898,40.627007
899,40.37913
900,46.124683
901,47.537792
902,46.811462
903,28.140476
904,16.118763
905,18.383146
906,23.871475
907,19.928167
908,18.035944
909,13.902041
910,37.336624
911,45.134407
912,47.146755
913,46.853687
914,46.402695
915,24.04415
916,23.17917
917,17.353523
918,18.032602
919,13.219619
920,47.306187
921,47.657673
922,46.854553
923,15.970203
924,23.639591
925,22.869976
926,17.038795
927,17.71787
928,12.970624
929,11.122237
930,22.426912
931,36.760685
932,44.09116
933,47.46129
934,16.209663
935,18.072702
936,17.79115
937,16.892796
938,13.043913
939,22.609434
940,43.453285
941,48.390697
942,48.040195
943,47.13976
944,46.688766
945,28.431835
946,16.859627
947,22.619736
948,21.657135
949,16.294533
950,38.191994
951,50.08946
952,51.31183
953,49.504627
954,43.01873
955,28.351492
956,29.357632
957,24.023266
958,44.36448
959,38.314552
960,48.336975
961,50.142925
962,50.142998
963,48.81256
964,47.39606
965,45.94568
966,46.553402
967,46.11003
968,44.9599
969,45.146603
970,41.487926
971,40.88059
972,47.700787
973,17.939066
974,20.203451
975,26.579142
976,21.327507
977,19.622002
978,19.402725
979,15.4881
980,13.640096
981,24.565933
982,46.570717
983,49.07145
984,49.294937
985,48.111145
986,26.327204
987,20.045624
988,19.14727
989,13.316662
990,38.61919
991,45.94966
992,48.59709
993,47.626144
994,47.17451
995,46.72352
996,28.332224
997,16.19585
998,18.058899
999,22.981298
1000,18.896229
1001,17.213593
1002,17.882395
1003,13.135144
1004,22.493416
1005,44.52297
1006,48.15771
1007,46.9036
1008,44.641083
1009,28.51231
1010,18.284338
1011,19.20162
1012,13.253822
1013,11.514679
1014,43.255013
1015,48.708755
1016,47.457817
1017,28.640408
1018,18.871067
1019,22.845463
1020,16.487839
1021,17.07827
1022,11.589234
1023,35.9423
1024,42.70594
1025,36.398586
1026,48.121906
1027,25.94799
1028,21.61936
1029,20.803577
1030,21.07163
1031,20.823755
1032,19.330898
1033,41.134506
1034,39.330864
1035,45.501305
1036,47.149185
1037,47.46804
1038,44.816364
1039,41.37863
1040,40.287174
1041,39.6911
1042,39.443226
1043,36.804928
1044,43.65014
1045,39.377254
1046,36.219566
1047,47.067535
1048,46.46989
1049,46.30304
1050,26.991055
1051,22.339258
1052,18.254189
1053,10.556503
1054,43.82272
1055,47.597355
1056,47.071823
1057,45.96257
1058,43.651787
1059,14.624092
1060,22.86561
1061,17.58002
1062,9.816477
1063,35.173584
1064,42.58163
1065,38.857437
1066,47.9055
1067,46.93455
1068,47.286037
1069,46.482918
1070,46.031925
1071,43.72114
1072,14.229431
1073,15.910188
1074,15.01183
1075,20.63163
1076,34.86263
1077,48.044304
1078,43.84135
1079,14.395005
1080,16.258066
1081,15.320938
1082,15.091385
1083,11.242491
1084,41.610847
1085,35.29774
1086,41.408287
1087,46.748875
1088,16.338295
1089,12.142003
1090,35.099674
1091,37.22784
1092,47.84615
1093,48.004288
1094,46.500507
1095,37.69828
1096,23.795595
1097,23.049986
1098,18.71302
1099,18.55757
1100,17.064713
1101,26.863598
1102,38.798717
1103,36.352345
1104,31.04583
1105,32.294052
1106,46.31634
1107,46.072453
1108,42.752563
1109,38.436447
1110,38.206497
1111,37.556557
1112,34.778572
1113,41.167805
1114,41.53222
1115,47.253708
1116,47.470505
1117,46.94724
1118,24.187323
1119,23.302933
1120,37.230026
1121,39.336224
1122,43.08293
1123,49.68553
1124,46.712013
1125,24.90251
1126,23.136482
1127,22.238129
1128,25.938566
1129,39.675724
1130,46.802097
1131,48.373898
1132,47.272312
1133,44.96153
1134,29.925983
1135,20.492329
1136,22.20385
1137,20.056238
1138,19.603289
1139,13.245345
1140,45.486988
1141,41.5454
1142,48.449726
1143,48.98358
1144,47.582653
1145,29.779016
1146,19.847858
1147,20.293262
1148,45.968254
1149,43.657467
1150,16.996141
1151,22.412598
1152,21.990215
1153,18.706873
1154,18.770693
1155,14.054083
1156,12.145627
1157,23.256409
1158,36.35219
1159,36.8545
1160,48.34206
1161,47.902153
1162,48.22101
1163,47.654934
1164,25.899761
1165,22.199108
1166,21.483826
1167,21.23595
1168,44.813614
1169,46.52581
1170,45.27783
1171,40.18075
1172,36.161335
1173,38.4132
1174,43.97529
1175,46.58034
1176,46.17499
1177,27.83849
1178,16.016258
1179,17.996225
1180,18.258614
1181,17.824137
1182,12.061515
1183,44.540913
1184,44.849174
1185,47.123417
1186,46.465157
1187,46.014168
1188,27.194218
1189,18.140755
1190,16.566708
1191,17.030584
1192,35.70218
1193,43.043724
1194,47.026634
1195,46.223515
1196,45.772526
1197,43.46174
1198,26.952566
1199,43.079617
1200,47.852135
1201,47.232674
1202,43.667778
1203,16.776949
1204,21.753256
1205,17.668186
1206,17.79143
1207,11.749427
1208,21.314959
1209,35.937992
1210,46.05728
1211,43.746494
1212,16.470701
1213,16.593945
1214,15.67015
1215,14.897815
1216,47.965816
1217,48.28467
1218,47.711548
1219,38.596165
1220,24.76375
1221,20.245167
1222,20.431885
1223,19.723999
1224,19.476124
1225,17.983267
1226,16.837828
1227,39.884907
1228,33.634907
1229,35.16905
1230,46.022755
1231,46.180893
1232,38.497375
1233,38.68408
1234,37.927856
1235,46.782383
1236,15.039834
1237,18.797672
1238,17.136936
1239,12.787835
1240,21.865667
1241,43.46592
1242,39.70907
1243,43.625786
1244,47.55541
1245,46.371616
1246,17.687637
1247,23.667324
1248,22.682484
1249,12.797161
1250,43.525257
1251,48.25302
1252,47.282074
1253,46.83044
1254,23.251968
1255,16.807661
1256,17.43804
1257,39.925465
1258,47.959503
1259,46.928894
1260,46.477905
1261,44.167118
1262,27.657946
1263,23.289013
1264,18.279743
1265,18.466461
1266,16.828594
1267,17.448698
1268,22.19187
1269,48.426712
1270,47.847736
1271,48.199223
1272,44.53701
1273,16.382084
1274,18.285805
1275,17.492085
1276,16.724503
1277,13.002991
1278,22.506012
1279,35.652435
1280,42.49365
1281,37.840572
1282,47.897488
1283,48.527042
1284,47.43567
1285,24.723019
1286,26.41852
1287,21.188702
1288,21.37542
1289,18.00148
1290,36.12118
1291,47.29312
1292,46.963535
1293,42.931774
1294,40.239006
1295,40.053837
1296,37.962162
1297,36.816727
1298,43.639957
1299,47.08773
1300,45.99526
1301,43.851837
1302,22.869732
1303,13.279262
1304,22.357094
1305,48.037655
1306,47.49343
1307,47.200363
1308,46.749374
1309,27.929422
1310,15.708769
1311,22.928623
1312,19.030272
1313,18.11011
1314,11.445038
1315,22.428282
1316,36.769547
1317,40.289276
1318,44.255604
1319,48.47744
1320,47.44683
1321,44.685055
1322,17.911627
1323,17.429537
1324,18.147242
1325,22.822153
1326,47.942936
1327,23.506594
1328,18.698996
1329,17.061129
1330,17.758087
1331,13.074732
1332,22.542242
1333,36.332314
1334,37.2565
1335,48.37109
1336,46.792175
1337,44.481388
1338,18.236843
1339,17.271358
1340,16.148777
1341,16.058922
1342,49.20882
1343,48.492992
1344,39.37761
1345,25.364202
1346,26.391134
1347,20.724945
1348,19.232088
1349,40.966106
1350,38.519733
1351,41.804283
1352,41.556385
1353,40.090565
1354,40.45366
1355,37.81536
1356,44.204594
1357,39.607365
1358,47.228584
1359,27.513939
1360,24.1397
1361,23.10284
1362,19.204489
1363,17.506323
1364,17.43673
1365,13.522093
1366,11.6740885
1367,36.78905
1368,48.1057
1369,28.1251
1370,24.229643
1371,17.619135
1372,11.71893
1373,39.505844
1374,49.93828
1375,49.486927
1376,49.93299
1377,30.868877
1378,21.733768
1379,41.722183
1380,45.344143
1381,47.277534
1382,19.615679
1383,14.093564
1384,36.321087
1385,43.404106
1386,41.769432
1387,46.482388
1388,46.823486
1389,43.32729
1390,17.081305
1391,19.177597
1392,22.194021
1393,17.68982
1394,18.362818
1395,14.683147
1396,43.18563
1397,49.478134
1398,49.038227
1399,49.280174
1400,24.315567
1401,23.55563
1402,48.137745
1403,47.57168
1404,46.570908
1405,46.25406
1406,43.27692
1407,43.372856
1408,42.678143
1409,42.29772
1410,44.855625
1411,45.349384
1412,46.555798
1413,46.46246
1414,13.766696
1415,24.64745
1416,38.78135
1417,46.746384
1418,46.088123
1419,45.682774
1420,18.261143
1421,23.867718
1422,23.307825
1423,20.025314
1424,18.539516
1425,14.624898
1426,12.54296
1427,23.481115
1428,41.062023
1429,46.512703
1430,46.86419
1431,46.06107
1432,45.65572
1433,43.344933
1434,22.28206
1435,18.236021
1436,18.3134
1437,17.51482
1438,12.978715
1439,22.275482
1440,36.558193
1441,43.79073
1442,47.198757
1443,46.15003
1444,43.43389
1445,26.924711
1446,16.891455
1447,43.459457
1448,45.79456
1449,43.483772
1450,26.99947
1451,15.187357
1452,17.027884
1453,15.936608
1454,10.958067
1455,35.92579
1456,37.64997
1457,48.189632
1458,47.88621
1459,46.38243
1460,24.958885
1461,20.277372
1462,18.506248
1463,35.88097
1464,44.461678
1465,46.33194
1466,46.173874
1467,45.001583
1468,43.460682
1469,40.321686
1470,39.834045
1471,39.651974
1472,46.67426
1473,46.129646
1474,14.989574
1475,18.824148
1476,18.15307
1477,12.00261
1478,37.335995
1479,40.866673
1480,46.88237
1481,46.22411
1482,45.77312
1483,26.95315
1484,22.964693
1485,21.988539
1486,18.205837
1487,16.56797
1488,12.818994
1489,11.202395
1490,22.334438
1491,36.653744
1492,47.00541
1493,46.20229
1494,45.7513
1495,43.440514
1496,17.752815
1497,17.168081
1498,16.480877
1499,11.082974
1500,22.340412
1501,36.674187
1502,44.000713
1503,47.14664
1504,45.892532
1505,43.581745
1506,14.866872
1507,16.754097
1508,18.032915
1509,17.247904
1510,16.560694
1511,12.711811
1512,11.272046
1513,36.264984
1514,43.435894
1515,37.0985
1516,42.72274
1517,19.494026
1518,10.274528
1519,34.42255
1520,36.543312
1521,46.99317
1522,45.731
1523,23.41439
1524,23.430525
1525,19.014032
1526,18.895403
1527,17.365807
1528,39.263752
1529,32.945026
1530,43.742546
1531,45.472862
1532,37.519203
1533,36.02634
1534,41.254044
1535,41.798466
1536,37.356747
1537,51.648144
1538,50.921814
1539,51.299576
1540,50.754963
1541,48.160553
1542,19.421429
1543,23.018309
1544,23.218586
1545,21.767632
1546,21.080414
1547,40.596672
1548,46.734802
1549,47.081303
1550,46.19058
1551,43.135735
1552,26.0894
1553,21.050035
1554,17.267334
1555,15.629478
1556,10.376021
1557,21.154196
1558,35.4735
1559,46.9063
1560,47.29827
1561,45.87569
1562,45.4247
1563,13.856611
1564,21.677702
1565,11.805609
1566,10.2566
1567,21.25819
1568,42.918495
1569,46.425777
1570,21.714746
1571,20.834335
1572,16.851357
1573,15.69155
1574,10.402892
1575,21.404478
1576,42.310898
1577,41.67796
1578,46.9073
1579,46.67981
1580,45.328384
1581,43.017597
1582,25.733202
1583,19.75123
1584,13.833258
1585,9.741339
1586,33.91135
1587,40.737545
1588,34.344936
1589,36.081722
1590,46.722363
1591,47.764324
1592,47.351917
1593,37.43643
1594,23.423004
1595,23.607986
1596,18.620758
1597,27.43818
1598,39.60794
1599,33.289215
1600,45.548965
1601,45.86782
1602,45.377445
1603,44.376675
1604,40.552227
1605,37.64414
1606,37.65923
1607,37.56855
1608,33.741734
1609,46.334354
1610,46.586052
1611,46.237484
1612,45.241882
1613,16.225174
1614,16.024921
1615,17.046041
1616,16.358835
1617,35.10103
1618,42.5001
1619,46.847195
1620,47.193695
1621,46.30297
1622,46.668163
1623,45.558914
1624,43.248127
1625,26.201794
1626,16.20865
1627,22.13675
1628,21.096794
1629,15.676232
1630,9.813006
1631,47.039425
1632,47.431396
1633,46.46045
1634,46.811935
1635,45.557827
1636,43.24704
1637,15.859414
1638,21.73023
1639,21.143232
1640,17.160254
1641,10.532258
1642,21.62649
1643,35.78025
1644,43.074814
1645,46.702957
1646,47.054443
1647,45.800335
1648,21.911339
1649,17.109787
1650,17.310064
1651,16.64546
1652,10.09112
1653,21.185347
1654,34.740833
1655,34.601635
1656,47.660034
1657,43.897957
1658,17.473042
1659,21.345346
1660,20.504662
1661,16.59823
1662,15.489209
1663,16.429695
1664,15.97669
1665,34.040787
1666,46.034843
1667,38.275642
1668,24.413733
1669,23.657797
1670,25.284454
1671,20.381172
1672,36.449314
1673,31.103783
1674,32.227234
1675,46.79897
1676,49.1467
1677,48.741352
1678,44.44314
1679,45.87275
1680,46.333363
1681,48.81279
1682,49.319443
1683,49.127068
1684,33.84867
1685,25.008608
1686,29.910402
1687,26.652603
1688,26.729982
1689,26.197948
1690,21.596096
1691,28.587198
1692,46.15435
1693,42.22402
1694,46.602562
1695,45.904144
1696,43.593357
1697,16.761902
1698,21.01757
1699,20.508406
1700,44.52007
1701,45.335545
1702,26.444094
1703,14.918037
1704,17.010439
1705,18.9331
1706,17.736717
1707,11.692023
1708,22.335041
1709,40.02853
1710,43.98941
1711,47.180096
1712,46.582287
1713,42.94751
1714,21.741348
1715,18.560928
1716,18.051764
1717,13.515672
1718,42.992313
1719,42.46121
1720,47.016823
1721,45.870777
1722,43.15464
1723,26.670338
1724,20.397217
1725,20.030985
1726,34.602085
1727,41.42828
1728,47.58672
1729,38.06598
1730,24.40505
1731,20.310892
1732,39.945335
1733,45.95928
1734,45.95935
1735,45.629692
1736,43.08802
1737,40.047947
1738,40.591858
1739,39.527653
1740,39.59209
1741,38.099228
1742,36.712738
1743,43.18375
1744,38.520588
1745,44.137215
1746,16.6492
1747,18.238964
1748,21.870695
1749,36.12942
1750,39.6601
1751,47.87805
1752,48.206432
1753,17.72674
1754,23.497822
1755,18.777634
1756,17.27657
1757,36.633617
1758,48.08456
1759,47.505585
1760,47.85707
1761,47.05395
1762,44.292175
1763,17.409918
1764,17.076962
1765,17.42656
1766,22.257679
1767,48.550007
1768,47.57906
1769,46.676437
1770,23.290836
1771,18.5062
1772,13.569338
1773,48.496284
1774,47.525337
1775,47.876823
1776,46.98527
1777,46.534283
1778,16.082441
1779,16.999908
1780,17.200186
1781,15.890904
1782,22.001795
1783,35.148216
1784,41.97441
1785,47.57509
1786,39.15207
1787,25.888428
1788,20.883244
1789,21.08352
1790,20.312508
1791,20.911835
1792,19.418978
1793,17.965021
1794,40.446316
1795,38.47384
1796,35.514687
1797,44.878036
1798,46.608353
1799,46.775375
1800,45.444946
1801,43.95797
1802,42.514236
1803,40.127445
1804,40.107693
1805,38.61483
1806,37.160862
1807,42.971924
1808,43.516346
1809,47.455627
1810,47.707325
1811,46.980995
1812,46.82303
1813,44.22862
1814,15.81597
1815,19.541975
1816,19.017338
1817,14.31623
1818,22.831543
1819,40.606228
1820,44.509586
1821,47.081184
1822,46.346012
1823,15.359339
1824,17.580181
1825,23.50829
1826,18.470402
1827,17.337435
1828,21.927568
1829,43.57338
1830,39.712566
1831,48.24201
1832,46.828312
1833,44.066536
1834,27.611292
1835,17.26336
1836,23.134184
1837,22.253773
1838,18.471071
1839,16.833204
1840,17.924328
1841,36.204685
1842,39.6704
1843,44.327824
1844,22.453657
1845,18.470678
1846,18.659525
1847,11.27833
1848,42.21236
1849,48.240128
1850,47.70006
1851,44.938286
1852,22.769474
1853,21.866951
1854,18.149366
1855,17.701395
1856,17.04092
1857,35.53666
1858,35.970245
1859,49.254055
1860,47.972183
1861,25.46962
1862,27.06303
1863,21.979092
1864,21.396925
1865,47.520523
1866,47.687546
1867,46.412003
1868,45.16854
1869,43.67845
1870,40.663864
1871,40.527843
1872,43.392075
1873,35.909462
1874,48.141167
1875,47.7926
1876,47.25687
1877,44.717346
1878,23.921837
1879,19.406683
1880,12.568709
1881,48.26667
1882,48.61317
1883,47.722446
1884,47.438263
1885,18.526503
1886,23.414656
1887,19.431677
1888,17.982656
1889,18.115124
1890,48.62068
1891,18.889666
1892,24.76049
1893,23.895033
1894,18.463034
1895,12.589705
1896,48.95859
1897,49.350563
1898,19.961073
1899,18.512053
1900,12.8255005
1901,23.674826
1902,36.86596
1903,49.33673
1904,45.441956
1905,19.407476
1906,18.953087
1907,18.505116
1908,18.384134
1909,15.3710575
1910,24.265022
1911,49.22557
1912,48.66133
1913,26.111862
1914,25.355927
1915,26.949337
1916,21.81542
1917,18.897562
1918,29.374128
1919,41.372387
1920,38.830227
1921,47.216095
1922,43.288826
1923,41.47566
1924,40.61645
1925,38.74677
1926,43.27108
1927,43.69859
1928,44.449635
1929,48.015583
1930,28.950026
1931,16.943005
1932,20.504202
1933,18.994883
1934,19.865982
1935,19.395638
1936,44.925568
1937,40.393543
1938,44.0288
1939,48.17899
1940,47.538395
1941,45.227608
1942,28.809057
1943,16.63585
1944,24.784819
1945,23.791748
1946,18.285116
1947,23.513035
1948,44.870754
1949,43.83813
1950,48.189163
1951,46.492874
1952,44.066566
1953,28.15935
1954,18.725695
1955,20.570976
1956,19.363117
1957,15.514241
1958,12.968641
1959,41.24043
1960,47.613358
1961,48.04806
1962,47.098766
1963,47.439865
1964,43.925465
1965,23.601196
1966,19.135538
1967,44.393917
1968,43.763203
1969,48.098713
1970,43.777695
1971,18.903387
1972,18.61422
1973,18.680168
1974,17.38193
1975,12.433845
1976,22.91425
1977,38.70983
1978,48.680954
1979,48.241047
1980,48.559902
1981,46.79582
1982,38.90646
1983,25.45796
1984,25.910809
1985,22.08834
1986,22.15429
1987,21.394352
1988,36.812294
1989,44.751778
1990,46.78649
1991,46.8171
1992,46.41175
1993,42.582596
1994,40.538853
1995,40.770023
1996,40.35483
1997,40.420776
1998,47.015434
1999,27.828455
2000,19.993143
2001,20.059092
2002,19.340948
2003,14.847804
2004,23.367197
2005,44.875114
2006,45.07026
2007,47.865612
2008,16.42256
2009,18.359009
2010,23.741758
2011,18.509195
2012,12.610024
2013,17.994535
2014,23.257051
2015,19.41243
2016,18.724552
2017,14.089166
2018,37.222843
2019,40.745205
2020,44.698868
2021,48.799255
2022,48.20216
2023,47.75941
2024,23.29075
2025,19.38018
2026,19.446129
2027,17.97175
2028,14.122868
2029,43.943035
2030,37.64297
2031,43.497276
2032,47.636616
2033,44.87484
2034,21.678263
2035,17.897203
2036,16.587893
2037,17.459507
2038,11.830595
2039,49.60697
2040,49.145412
2041,49.464268
2042,25.776114
2043,26.106815
2044,21.815695
2045,21.044682
2046,41.210316
2047,39.242447
2048,34.94824
2049,41.275063
2050,40.232613
2051,43.115643
2052,39.064606
2053,47.48509
2054,47.32712
2055,44.73271
2056,18.58103
2057,23.847044
2058,20.052912
2059,18.392176
2060,19.342165
2061,14.641062
2062,12.433927
2063,47.512054
2064,47.877247
2065,46.776882
2066,17.877718
2067,22.7887
2068,17.3567
2069,17.476603
2070,11.286888
2071,36.50593
2072,40.13491
2073,44.186012
2074,48.30675
2075,27.015867
2076,14.895763
2077,18.302483
2078,16.853462
2079,17.803452
2080,21.763252
2081,36.16014
2082,48.222427
2083,46.749714
2084,44.281765
2085,15.202415
2086,22.8295
2087,17.982222
2088,17.48319
2089,42.44193
2090,41.794216
2091,48.311275
2092,47.7323
2093,48.083786
2094,44.273296
2095,17.530151
2096,20.499933
2097,16.593502
2098,15.473071
2099,15.630354
2100,12.617264
2101,36.686092
2102,47.728355
2103,49.050533
2104,48.34359
2105,47.214485
2106,24.765831
2107,24.009895
2108,25.603306
2109,24.93586
2110,20.519367
2111,20.158514
2112,18.665657
2113,33.45169
2114,45.179146
2115,47.044323
2116,46.72362
2117,43.75163
2118,42.306038
2119,39.38299
2120,39.386654
2121,39.15341
2122,41.768757
2123,42.376274
2124,37.98079
2125,34.775177
2126,47.29348
2127,47.545177
2128,46.66088
2129,46.209892
2130,43.90931
2131,17.168587
2132,23.451727
2133,18.602686
2134,16.94195
2135,17.734499
2136,16.904411
2137,10.651281
2138,47.36759
2139,47.732784
2140,18.141142
2141,16.692122
2142,43.122597
2143,48.331657
2144,47.712196
2145,43.999023
2146,14.874319
2147,21.727766
2148,17.744787
2149,16.295788
2150,20.922043
2151,38.955177
2152,42.90565
2153,48.836224
2154,48.216763
2155,46.97154
2156,15.430882
2157,17.293913
2158,22.192514
2159,16.760515
2160,16.914991
2161,10.816776
2162,35.541252
2163,42.160294
2164,46.421783
2165,26.954304
2166,15.334847
2167,17.151173
2168,21.069359
2169,20.18179
2170,16.464233
2171,15.591766
2172,14.887698
2173,9.6344185
2174,40.740463
2175,34.43655
2176,36.241962
2177,47.686707
2178,48.547325
2179,48.86618
2180,20.545206
2181,20.734053
2182,20.077496
2183,18.40503
2184,16.723042
2185,27.358355
2186,37.029995
2187,34.14058
2188,47.069035
2189,46.91097
2190,47.229824
2191,47.07799
2192,46.748333
2193,45.766293
2194,43.77634
2195,42.337395
2196,40.41331
2197,39.559765
2198,38.700558
2199,38.360157
2200,37.594364
2201,41.40115
2202,47.203117
2203,46.31882
2204,45.867832
2205,14.539509
2206,17.49071
2207,10.920619
2208,39.62553
2209,43.51555
2210,46.458496
2211,43.92437
2212,22.038012
2213,18.055033
2214,18.24388
2215,17.07805
2216,10.00868
2217,20.987429
2218,42.615314
2219,47.96971
2220,48.321198
2221,47.526962
2222,47.075974
2223,44.541847
2224,15.423776
2225,17.286804
2226,18.441587
2227,18.630434
2228,12.931261
2229,10.546318
2230,21.554379
2231,43.19674
2232,49.1051
2233,49.348232
2234,49.09981
2235,48.305576
2236,45.32046
2237,16.646328
2238,18.509388
2239,23.573631
2240,14.080325
2241,22.887844
2242,36.334564
2243,46.75042
2244,46.993553
2245,46.29907
2246,46.65907
2247,45.767517
2248,42.782402
2249,25.379381
2250,14.139159
2251,19.873674
2252,19.072618
2253,15.166202
2254,14.387864
2255,13.791993
2256,7.876538
2257,18.884611
2258,31.053392
2259,32.60811
2260,47.902817
2261,48.211285
2262,47.963882
2263,25.270975
2264,20.99114
2265,19.626785
2266,35.65985
2267,47.01989
2268,45.662544
2269,41.274708
2270,40.859516
2271,40.28634
2272,40.09047
2273,38.597607
2274,41.982628
2275,42.8108
2276,38.160328
2277,34.88549
2278,47.707138
2279,47.23604
2280,47.6138
2281,47.07807
2282,27.806932
2283,25.248302
2284,21.537834
2285,19.732939
2286,20.45806
2287,19.611712
2288,12.6030445
2289,40.86963
2290,46.22333
2291,26.117483
2292,14.964696
2293,17.28113
2294,19.055079
2295,17.190445
2296,17.049002
2297,43.719765
2298,39.77651
2299,47.842365
2300,46.89307
2301,21.746601
2302,18.21063
2303,16.280064
2304,17.005169
2305,12.289734
2306,9.798412
2307,39.15804
2308,43.565292
2309,48.114017
2310,47.14307
2311,47.494556
2312,46.70032
2313,43.685978
2314,26.047094
2315,47.80014
2316,47.55453
2317,46.25763
2318,26.034618
2319,16.475348
2320,20.176424
2321,19.810192
2322,16.292065
2323,11.590566
2324,20.25237
2325,36.39573
2326,48.266968
2327,48.585823
2328,48.43399
2329,48.021584
2330,46.93251
2331,37.91389
2332,24.13523
2333,24.918962
2334,20.308043
2335,19.359997
2336,16.185183
2337,39.418785
2338,33.16479
2339,34.78442
2340,46.673153
2341,40.20884
2342,40.79863
2343,39.84222
2344,39.12788
2345,44.058434
2346,47.63845
2347,47.87203
2348,14.802685
2349,23.239023
2350,18.683836
2351,16.596365
2352,21.016228
2353,39.548588
2354,47.28047
2355,47.626972
2356,46.736248
2357,43.392082
2358,16.057268
2359,21.176624
2360,17.193645
2361,15.377379
2362,16.12098
2363,11.356037
2364,9.016413
2365,34.897076
2366,47.457825
2367,47.230335
2368,46.4361
2369,43.376118
2370,25.737223
2371,15.853688
2372,34.78721
2373,42.753185
2374,47.325443
2375,46.531208
2376,14.0096035
2377,21.641577
2378,17.085417
2379,15.14379
2380,9.005719
2381,34.233856
2382,41.206905
2383,47.64178
2384,46.52274
2385,43.462757
2386,14.521017
2387,19.430393
2388,19.778275
2389,33.43284
2390,47.144737
2391,48.466915
2392,48.17238
2393,24.06147
2394,25.367226
2395,20.62562
2396,19.89366
2397,16.525131
2398,46.274868
2399,46.435658
2400,46.283825
2401,40.03789
2402,38.54807
2403,38.7369
2404,37.956615
2405,34.588043
2406,40.557854
2407,41.61038
2408,33.97574
2409,49.42438
2410,48.437664
2411,28.41844
2412,19.92776
2413,26.25678
2414,19.7817
2415,20.515018
2416,13.292262
2417,42.38318
2418,48.159077
2419,46.98417
2420,21.942385
2421,19.630377
2422,47.544376
2423,46.299152
2424,13.929045
2425,15.792074
2426,16.885002
2427,17.073849
2428,15.13221
2429,15.366586
2430,10.6673765
2431,8.288543
2432,41.17619
2433,47.639484
2434,46.84525
2435,25.83578
2436,15.932542
2437,21.742462
2438,20.90168
2439,15.165912
2440,14.549983
2441,40.500256
2442,47.955822
2443,47.376846
2444,46.38579
2445,43.655006
2446,16.397259
2447,20.315418
2448,19.452524
2449,14.121861
2450,13.553585
2451,18.59428
2452,47.660675
2453,36.82997
2454,23.209206
2455,23.464745
2456,14.317024
2457,35.39055
2458,31.267647
2459,46.28328
2460,44.88982
2461,39.749783
2462,38.258804
2463,38.447636
2464,35.155087
2465,33.4792
2466,38.839237
2467,39.785503
2468,42.122288
2469,45.767097
2470,46.14486
2471,45.60913
2472,45.158142
2473,24.767021
2474,13.118552
2475,15.33939
2476,21.668398
2477,14.909424
2478,14.812696
2479,10.047761
2480,7.6889763
2481,40.738605
2482,41.407993
2483,46.934174
2484,46.38995
2485,46.105766
2486,45.654778
2487,13.281636
2488,15.502477
2489,20.476122
2490,16.493149
2491,14.740347
2492,14.64362
2493,9.878677
2494,40.425507
2495,36.602024
2496,47.572346
2497,46.6014
2498,46.952885
2499,45.70766
2500,42.976875
2501,20.29809
2502,14.562314
2503,14.486331
2504,7.4082856
2505,17.80659
2506,40.878563
2507,47.751137
2508,47.131676
2509,46.33744
2510,43.155666
2511,13.568334
2512,21.241299
2513,16.71095
2514,14.958151
2515,14.882168
2516,14.571358
2517,32.840824
2518,34.282326
2519,16.051044
2520,19.969206
2521,15.261739
2522,13.837478
2523,9.985326
2524,7.7512455
2525,18.14955
2526,31.463266
2527,38.73704
2528,46.62062
2529,47.643257
2530,47.81028
2531,22.67709
2532,24.316381
2533,19.33391
2534,14.642252
2535,29.597387
2536,43.665344
2537,45.508274
2538,45.802208
2539,41.989407
2540,39.152016
2541,38.333645
2542,36.853996
2543,39.661964
2544,47.720074
2545,48.226727
2546,48.051273
2547,47.8814
2548,30.97094
2549,24.02841
2550,22.074959
2551,21.124205
2552,17.209589
2553,23.775242
2554,42.48441
2555,42.99866
2556,48.023067
2557,48.4123
2558,47.54323
2559,47.452488
2560,44.322624
2561,27.195078
2562,16.077988
2563,18.179148
2564,23.106064
2565,17.983631
2566,17.032877
2567,37.42245
2568,47.42791
2569,43.855297
2570,17.363682
2571,22.407812
2572,19.150013
2573,16.334656
2574,12.485761
2575,48.319885
2576,26.203123
2577,15.14105
2578,11.899719
2579,42.20021
2580,42.02637
2581,51.809185
2582,51.23374
2583,50.693676
2584,50.288326
2585,47.563812
2586,22.851772
2587,26.051138
2588,22.503654
2589,22.569603
2590,20.96758
2591,47.099033
2592,40.758465
2593,49.225266
2594,49.82943
2595,48.740356
2596,25.248163
2597,26.565517
2598,26.434362
2599,22.340204
2600,22.406153
2601,21.45071
2602,18.1756
2603,39.978897
2604,49.01372
2605,48.45654
2606,47.51453
2607,44.271873
2608,42.39517
2609,41.81446
2610,41.391445
2611,41.10012
2612,39.391174
2613,45.30321
2614,37.377903
2615,46.516933
2616,48.8679
2617,45.324566
2618,27.74699
2619,16.005417
2620,18.269773
2621,24.536236
2622,19.905418
2623,18.00684
2624,18.750433
2625,17.883877
2626,37.91126
2627,48.97686
2628,48.77971
2629,47.679344
2630,27.431479
2631,23.620228
2632,17.113707
2633,17.8573
2634,16.990726
2635,37.06812
2636,44.535343
2637,40.72657
2638,45.034096
2639,47.75243
2640,48.12628
2641,46.712585
2642,25.887304
2643,15.878938
2644,17.257898
2645,15.316267
2646,16.059868
2647,15.193302
2648,8.965563
2649,42.744106
2650,47.813156
2651,47.23418
2652,47.585667
2653,46.79143
2654,25.966156
2655,16.003147
2656,16.077309
2657,15.227004
2658,20.183228
2659,41.59951
2660,35.299446
2661,47.530777
2662,47.92275
2663,46.411736
2664,45.960747
2665,25.611322
2666,14.319289
2667,19.228662
2668,15.32227
2669,15.51111
2670,19.666504
2671,40.062126
2672,33.721558
2673,20.676943
2674,20.13383
2675,19.934004
2676,27.369225
2677,33.577675
2678,35.197304
2679,47.565113
2680,47.24441
2681,46.302402
2682,43.640472
2683,40.817287
2684,39.46912
2685,39.177795
2686,47.27625
2687,46.54992
2688,45.940964
2689,43.499336
2690,25.921755
2691,14.368057
2692,16.723738
2693,10.343642
2694,35.926506
2695,43.39373
2696,43.89102
2697,46.737274
2698,46.211742
2699,45.111378
2700,13.061519
2701,15.282364
2702,16.274197
2703,16.463036
2704,37.893494
2705,42.164013
2706,46.54933
2707,42.695114
2708,15.126959
2709,21.04364
2710,16.219898
2711,16.40874
2712,14.467094
2713,14.825733
2714,10.976829
2715,42.256878
2716,47.365276
2717,46.922527
2718,26.193754
2719,16.309826
2720,22.119736
2721,15.543193
2722,16.27652
2723,15.341597
2724,11.492692
2725,20.74321
2726,34.91286
2727,48.275837
2728,48.022194
2729,44.07066
2730,20.04638
2731,14.715724
2732,11.548687
2733,20.777315
2734,34.736362
2735,47.937946
2736,49.23397
2737,48.77241
2738,49.091267
2739,48.527027
2740,38.389404
2741,24.787958
2742,20.627005
2743,20.815851
2744,20.073616
2745,18.296318
2746,16.693798
2747,35.455093
2748,47.22776
2749,46.90706
2750,45.96505
2751,43.399616
2752,42.32815
2753,40.996548
2754,39.679443
2755,37.11159
2756,35.50906
2757,47.60961
2758,46.88328
2759,46.725315
2760,23.08457
2761,16.310648
2762,16.109058
2763,12.194421
2764,21.314034
2765,39.641594
2766,43.961723
2767,48.171116
2768,48.491463
2769,47.60074
2770,44.256573
2771,14.792419
2772,22.987228
2773,21.986902
2774,16.98443
2775,21.243942
2776,36.051975
2777,43.5192
2778,43.934563
2779,47.911617
2780,47.306488
2781,47.657974
2782,46.86374
2783,43.803757
2784,26.134966
2785,14.349285
2786,22.129005
2787,17.320198
2788,15.345069
2789,9.1332
2790,20.505527
2791,35.328022
2792,42.795246
2793,38.941845
2794,43.333096
2795,48.670906
2796,46.80622
2797,16.583008
2798,22.392948
2799,21.56712
2800,17.58414
2801,15.831355
2802,16.543915
2803,15.6090145
2804,20.989141
2805,35.759468
2806,48.41551
2807,48.781326
2808,47.81038
2809,26.498304
2810,17.069294
2811,20.13954
2812,14.808878
2813,14.654934
2814,20.803995
2815,40.757675
2816,36.268135
2817,47.487324
2818,26.042124
2819,25.70772
2820,20.737839
2821,17.840029
2822,28.847637
2823,38.59599
2824,35.76705
2825,48.702065
2826,50.540016
2827,50.85887
2828,50.70704
2829,46.869938
2830,46.464493
2831,45.20923
2832,44.72027
2833,44.350056
2834,42.68095
2835,41.02093
2836,40.20683
2837,46.482132
2838,45.47905
2839,13.345035
2840,21.667368
2841,20.713926
2842,16.919794
2843,14.917868
2844,15.582579
2845,10.841213
2846,34.645054
2847,41.46705
2848,47.568066
2849,47.046917
2850,47.420624
2851,46.767307
2852,46.31632
2853,43.707325
2854,17.50034
2855,16.185991
2856,41.80674
2857,37.24392
2858,41.13926
2859,46.50634
2860,24.172058
2861,12.427192
2862,14.22281
2863,19.200464
2864,14.040437
2865,7.1234155
2866,18.629053
2867,33.188206
2868,40.56754
2869,36.00472
2870,18.267124
2871,16.402508
2872,17.127611
2873,16.176453
2874,12.327566
2875,35.78161
2876,47.6745
2877,48.08305
2878,47.133755
2879,47.474854
2880,25.908436
2881,16.929924
2882,16.6087
2883,16.674648
2884,15.072647
2885,14.894249
2886,11.881161
2887,40.87439
2888,36.486683
2889,48.782913
2890,48.343006
2891,46.896137
2892,37.838963
2893,23.825386
2894,24.745857
2895,20.92339
2896,20.989338
2897,19.94928
2898,26.957335
2899,39.735096
2900,35.05509
2901,47.135406
2902,46.998993
2903,39.669945
2904,39.60484
2905,39.842167
2906,39.015034
2907,38.70524
2908,41.0654
2909,37.62191
2910,34.26579
2911,46.67824
2912,46.110985
2913,25.777145
2914,14.861988
2915,22.096453
2916,18.838654
2917,21.453447
2918,36.25901
2919,44.104942
2920,47.263016
2921,47.62821
2922,46.569542
2923,22.074976
2924,17.895714
2925,17.961662
2926,15.805046
2927,11.8904085
2928,9.373146
2929,38.85218
2930,48.098484
2931,47.475235
2932,14.3683405
2933,15.924215
2934,17.704561
2935,17.77051
2936,15.828869
2937,9.409423
2938,42.897663
2939,38.976936
2940,48.382065
2941,47.312126
2942,46.861137
2943,16.153936
2944,21.90129
2945,21.355541
2946,11.512798
2947,20.651983
2948,42.073166
2949,35.661148
2950,41.62356
2951,48.450314
2952,44.223076
2953,26.19795
2954,16.59802
2955,20.416584
2956,16.080664
2957,14.467568
2958,15.132795
2959,20.366852
2960,40.784878
2961,36.20269
2962,47.656956
2963,48.93486
2964,37.705147
2965,24.024624
2966,23.245918
2967,24.728184
2968,24.418066
2969,20.001574
2970,19.052141
2971,24.006094
2972,45.983818
2973,48.07583
2974,47.590397
2975,43.863857
2976,39.985806
2977,37.991207
2978,46.37075
2979,21.377752
2980,17.58362
2981,15.61911
2982,16.36269
2983,11.513157
2984,9.256585
2985,42.99316
2986,47.621532
2987,47.051155
2988,46.76303
2989,43.70305
2990,13.973065
2991,16.171131
2992,22.104132
2993,20.692183
2994,16.89805
2995,10.850456
2996,20.026766
2997,42.282436
2998,43.206764
2999,48.4036
3000,47.43265
3001,46.534973
3002,21.92165
3003,17.36549
3004,15.232535
3005,9.303106
3006,38.943863
3007,43.1503
3008,46.433533
3009,43.82454
3010,17.725124
3011,17.91397
3012,21.806166
3013,36.01083
3014,43.257446
3015,36.23119
3016,48.0153
3017,26.323227
3018,20.782988
3019,16.029808
3020,14.46188
3021,9.513016
3022,21.255955
3023,34.619816
3024,47.89046
3025,38.245308
3026,20.460127
3027,20.648973
3028,19.906738
3029,19.622297
3030,18.12944
3031,33.639336
3032,45.249054
3033,47.180275
3034,47.02221
3035,47.341064
3036,43.25552
3037,40.2372
3038,40.82968
3039,39.323746
3040,39.512577
3041,38.72202
3042,35.567146
3043,42.38226
3044,43.308945
3045,43.942463
3046,47.56144
3047,47.786983
3048,44.00613
3049,14.705901
3050,23.27649
3051,18.27823
3052,18.467077
3053,16.502548
3054,16.300982
3055,12.386344
3056,44.32459
3057,47.872257
3058,48.192604
3059,47.30188
3060,47.667072
3061,16.588346
3062,21.547054
3063,17.564075
3064,15.81129
3065,16.54461
3066,15.609694
3067,9.566612
3068,43.683308
3069,39.148342
3070,48.462704
3071,47.843243
3072,47.045067
3073,46.594078
3074,26.223604
3075,22.188229
3076,21.347446
3077,17.364468
3078,17.553314
3079,16.345009
3080,9.480659
3081,36.173916
3082,43.64114
3083,43.30392
3084,48.470535
3085,47.499588
3086,47.0529
3087,26.231443
3088,16.324741
3089,22.134655
3090,21.293873
3091,15.558108
3092,16.291435
3093,15.356512
3094,35.653294
3095,35.873653
3096,48.891773
3097,46.92583
3098,26.580238
3099,21.046644
3100,20.198704
3101,16.292301
3102,16.481144
3103,15.522997
3104,11.701007
3105,35.136475
3106,36.796253
3107,47.80078
3108,48.340614
3109,47.25154
3110,24.76324
3111,20.346748
3112,20.535595
3113,19.488173
3114,28.03293
3115,35.162533
3116,47.05395
3117,47.217033
3118,43.287262
3119,40.27559
3120,40.86807
3121,40.42513
3122,39.37709
3123,39.07696
3124,38.75462
3125,35.599747
3126,38.478687
3127,34.561592
3128,43.516262
3129,47.496643
3130,47.67688
3131,46.95055
3132,46.337654
3133,26.134544
3134,14.505379
3135,16.703424
3136,23.03245
3137,22.032124
3138,16.071888
3139,10.09678
3140,47.328133
3141,21.82872
3142,18.034588
3143,16.430847
3144,12.516209
3145,10.387765
3146,48.180138
3147,48.44535
3148,46.57131
3149,43.962315
3150,14.372408
3151,11.559071
3152,35.86843
3153,43.22205
3154,48.04508
3155,46.622025
3156,13.964669
3157,20.631172
3158,16.648193
3159,14.895416
3160,14.733397
3161,47.90621
3162,43.696808
3163,26.222433
3164,15.017928
3165,20.558167
3166,15.85071
3167,16.039553
3168,14.426455
3169,9.153049
3170,21.074287
3171,31.426186
3172,48.13
3173,48.43847
3174,48.57976
3175,25.088928
3176,24.10522
3177,21.230118
3178,21.296066
3179,20.232338
3180,20.256008
3181,18.763151
3182,16.719967
3183,40.39536
3184,32.61107
3185,34.833824
3186,45.23182
3187,47.41913
3188,47.335945
3189,46.930595
3190,45.873066
3191,42.617184
3192,40.46534
3193,40.31521
3194,39.837322
3195,37.73397
3196,43.079937
3197,47.625755
3198,47.787872
3199,47.083195
3200,47.460957
3201,43.946068
3202,27.059813
3203,16.14466
3204,18.00776
3205,14.093163
3206,11.133297
3207,37.136227
3208,44.492195
3209,38.990295
3210,47.878155
3211,47.009083
3212,47.374275
3213,46.302887
3214,43.578373
3215,16.567719
3216,21.494635
3217,16.14617
3218,36.245182
3219,38.06626
3220,42.976913
3221,48.069653
3222,47.120358
3223,47.471844
3224,21.560545
3225,21.216425
3226,18.024574
3227,12.01906
3228,36.124413
3229,38.158577
3230,43.06923
3231,48.4111
3232,47.44015
3233,47.791637
3234,46.57539
3235,21.733345
3236,17.794529
3237,15.86397
3238,16.58908
3239,9.252658
3240,21.099167
3241,42.375305
3242,48.156784
3243,47.488228
3244,26.011377
3245,14.955877
3246,16.465027
3247,20.06127
3248,19.695038
3249,16.110962
3250,14.563815
3251,15.229042
3252,20.864504
3253,34.38626
3254,33.251205
3255,35.689022
3256,48.611214
3257,48.349167
3258,23.428032
3259,24.634916
3260,19.281977
3261,16.168386
3262,40.06896
3263,38.109173
3264,33.826534
3265,45.087868
3266,46.850376
3267,40.81166
3268,40.84736
3269,39.89095
3270,39.17661
3271,38.844414
3272,43.100548
3273,47.43208
3274,46.4287
3275,16.68015
3276,22.852144
3277,18.171585
3278,12.262855
3279,21.721212
3280,37.937656
3281,47.3588
3282,48.22184
3283,46.57928
3284,26.039635
3285,22.173567
3286,17.493008
3287,17.61838
3288,15.676739
3289,16.527927
3290,11.678372
3291,9.264599
3292,35.967113
3293,43.434338
3294,37.435505
3295,39.832024
3296,47.395115
3297,47.7466
3298,43.87572
3299,21.828638
3300,17.272478
3301,15.247118
3302,48.426273
3303,47.455326
3304,47.806812
3305,46.995914
3306,26.005287
3307,14.218244
3308,17.074675
3309,17.263521
3310,15.867398
3311,10.537606
3312,20.126326
3313,33.16608
3314,47.79645
3315,48.487885
3316,46.50922
3317,43.900227
3318,25.994461
3319,14.702421
3320,16.495958
3321,20.365404
3322,19.581264
3323,15.674861
3324,15.863703
3325,13.285553
3326,7.971423
3327,19.714375
3328,33.243088
3329,40.14499
3330,48.390938
3331,48.12889
3332,23.985415
3333,25.567932
3334,44.954666
3335,46.854874
3336,47.005234
3337,46.675575
3338,43.03271
3339,39.1696
3340,38.37496
3341,37.793087
3342,34.228973
3343,38.42825
3344,29.600985
3345,37.8739
3346,47.537663
3347,47.915424
3348,46.912045
3349,44.501476
3350,26.758547
3351,15.158499
3352,18.711771
3353,13.96096
3354,9.966398
3355,19.07829
3356,33.798313
3357,41.083572
3358,47.406425
3359,48.11171
3360,26.086987
3361,22.437973
3362,21.422693
3363,15.381243
3364,9.369564
3365,18.47088
3366,36.549454
3367,47.397095
3368,44.04609
3369,26.669966
3370,15.193021
3371,35.3888
3372,38.017918
3373,47.771717
3374,48.46315
3375,47.492203
3376,46.71913
3377,26.765078
3378,15.018111
3379,16.855095
3380,21.80845
3381,17.23052
3382,17.419367
3383,15.226723
3384,8.39378
3385,20.736671
3386,34.933475
3387,46.82506
3388,27.927008
3389,21.753307
3390,11.554656
3391,21.62143
3392,32.314003
3393,47.95396
3394,49.377037
3395,49.065838
3396,47.732746
3397,24.757946
3398,26.381435
3399,20.637423
3400,19.751465
3401,20.07467
3402,18.16837
3403,16.505474
3404,29.463417
3405,45.724655
3406,47.943718
3407,47.775223
3408,47.582893
3409,46.671944
3410,46.431267
3411,43.143574
3412,43.72026
3413,41.624832
3414,37.587593
3415,48.85096
3416,46.187744
3417,23.24685
3418,29.560068
3419,23.87706
3420,22.832645
3421,17.969095
3422,15.623321
3423,41.79504
3424,50.766018
3425,50.888477
3426,50.642986
3427,47.83662
3428,25.634567
3429,26.491816
3430,31.449677
3431,26.666626
3432,24.591642
3433,20.431301
3434,18.017525
3435,30.305092
3436,49.246254
3437,49.128933
3438,49.87969
3439,48.584717
3440,48.271057
3441,22.262428
3442,20.47947
3443,20.254507
3444,16.405634
3445,14.03978
3446,26.769049
3447,42.719154
3448,49.661884
3449,48.690937
3450,48.79969
3451,48.366913
3452,45.50272
3453,33.38331
3454,27.11132
3455,22.32827
3456,20.977242
3457,20.567818
3458,14.462335
3459,48.11532
3460,49.7068
3461,48.85191
3462,48.321815
3463,48.008156
3464,21.929354
3465,22.292625
3466,20.498604
3467,19.517988
3468,15.790233
3469,37.89238
3470,49.43598
3471,44.578293
3472,30.160206
3473,24.188816
3474,23.169533
3475,23.424124
3476,32.40251
3477,41.95611
3478,35.892536
3479,45.374916
3480,47.18172
3481,47.248756
3482,47.45838
3483,47.266052
3484,46.382504
3485,49.67143
3486,45.19262
3487,42.69251
3488,42.20147
3489,40.518368
3490,39.251328
3491,47.40913
3492,46.72509
3493,49.57558
3494,48.519466
3495,46.56258
3496,26.995785
3497,23.880621
3498,23.092916
3499,19.38879
3500,29.908812
3501,49.30828
3502,43.40892
3503,42.55234
